{"count":1,"self":397.3795328,"total":1233.8174491,"children":{"InitializeActuators":{"count":31,"self":0.0020019,"total":0.0020019,"children":null},"InitializeSensors":{"count":31,"self":0.0070060999999999995,"total":0.0070060999999999995,"children":null},"AgentSendState":{"count":161434,"self":71.63808,"total":152.1615007,"children":{"CollectObservations":{"count":1000897,"self":8.2251688,"total":8.2251688,"children":null},"WriteActionMask":{"count":1000897,"self":2.1610182,"total":2.1610182,"children":null},"RequestDecision":{"count":1000897,"self":8.8475919999999988,"total":70.1372347,"children":{"AgentInfo.ToProto":{"count":1000897,"self":6.6131604,"total":61.2896429,"children":{"GenerateSensorData":{"count":1000897,"self":46.80808,"total":54.6764825,"children":{"RayPerceptionSensor.Perceive":{"count":1000897,"self":7.8684024,"total":7.8684021999999993,"children":null}}}}}}}}},"DecideAction":{"count":161434,"self":675.312896,"total":675.31290319999994,"children":null},"AgentAct":{"count":161434,"self":8.3789536,"total":8.3789538999999991,"children":null},"AgentInfo.ToProto":{"count":6940,"self":0.083088,"total":0.57353749999999992,"children":{"GenerateSensorData":{"count":6940,"self":0.42338879999999995,"total":0.4904495,"children":{"RayPerceptionSensor.Perceive":{"count":6940,"self":0.0670607,"total":0.0670607,"children":null}}}}}},"gauges":{"ShipAgent.CumulativeReward":{"count":6940,"max":11.4904833,"min":-7.171106,"runningAverage":5.926495,"value":10.1182957,"weightedAverage":9.468137}},"metadata":{"timer_format_version":"0.1.0","start_time_seconds":"1653659176","unity_version":"2020.3.25f1","command_line_arguments":"C:\\Program Files\\Unity\\Hub\\Editor\\2020.3.25f1\\Editor\\Unity.exe -projectpath C:\/Users\/kmcco\/Desktop\/SteelLove\/SteelLove -useHub -hubIPC -cloudEnvironment production -hubSessionId f693e010-d665-11ec-bea4-0312fc88a50d -accessToken hzxtfwCh0U60nnwqzsRjj7n7NLb06rq3lNDeT6c8zC8002f","communication_protocol_version":"1.5.0","com.unity.ml-agents_version":"2.0.0","scene_name":"TrainAI1","end_time_seconds":"1653660410"}}