{"count":1,"self":37.568176,"total":125.80913419999999,"children":{"InitializeActuators":{"count":31,"self":0.0020019,"total":0.0020019,"children":null},"InitializeSensors":{"count":31,"self":0.0050044999999999994,"total":0.0050044999999999994,"children":null},"AgentSendState":{"count":16284,"self":5.7722732,"total":13.0249235,"children":{"CollectObservations":{"count":100967,"self":0.79774669999999992,"total":0.79774669999999992,"children":null},"WriteActionMask":{"count":100967,"self":0.1931819,"total":0.1931819,"children":null},"RequestDecision":{"count":100967,"self":0.85627179999999992,"total":6.2617218,"children":{"AgentInfo.ToProto":{"count":100967,"self":0.5855353,"total":5.40545,"children":{"GenerateSensorData":{"count":100967,"self":4.0522019999999994,"total":4.8199147,"children":{"RayPerceptionSensor.Perceive":{"count":100967,"self":0.76771269999999991,"total":0.76771269999999991,"children":null}}}}}}}}},"DecideAction":{"count":16284,"self":74.1140224,"total":74.1140241,"children":null},"AgentAct":{"count":16284,"self":0.7907312,"total":0.82876469999999991,"children":{"AgentInfo.ToProto":{"count":554,"self":0.0060057999999999995,"total":0.0380335,"children":{"GenerateSensorData":{"count":554,"self":0.028024,"total":0.0320277,"children":{"RayPerceptionSensor.Perceive":{"count":554,"self":0.0040037,"total":0.0040037,"children":null}}}}}}},"AgentInfo.ToProto":{"count":671,"self":0.0050057,"total":0.2652374,"children":{"GenerateSensorData":{"count":671,"self":0.2562289,"total":0.2602317,"children":{"RayPerceptionSensor.Perceive":{"count":671,"self":0.0040028,"total":0.0040028,"children":null}}}}}},"gauges":{"ShipAgent.CumulativeReward":{"count":1225,"max":7.0770936,"min":-4.15587759,"runningAverage":-0.027814405,"value":-3.69318151,"weightedAverage":0.42617923}},"metadata":{"timer_format_version":"0.1.0","start_time_seconds":"1653613372","unity_version":"2020.3.25f1","command_line_arguments":"C:\\Program Files\\Unity\\Hub\\Editor\\2020.3.25f1\\Editor\\Unity.exe -projectpath C:\/Users\/kmcco\/Desktop\/SteelLove\/SteelLove -useHub -hubIPC -cloudEnvironment production -hubSessionId f693e010-d665-11ec-bea4-0312fc88a50d -accessToken UlKXE54YAr_kLqNJajShoHPAV6CBCib4ialKp2onTak002f","communication_protocol_version":"1.5.0","com.unity.ml-agents_version":"2.0.0","scene_name":"TrainAI1","end_time_seconds":"1653613497"}}